id,date_announced,date_closed,acquirer,seller,target,perimeter,geography,stake_pct,value,currency,value_basis,status,file,page,source_url,source_type,date_consulted,added_by,checked_by
D1,2021-12-14,,Veolia Environnement SA,,Suez,"Activités eau et déchets de Suez, sous conditions d'engagements",Europe,,,,,cleared,04_Litigation/m9969-veolia-suez-decision.pdf,1,https://ec.europa.eu/competition/mergers/cases1/202209/M_9969_8194869_7058_3.pdf,competition_decision,2026-09-22,dataroom-bearer,
D2,2025-11-20,2026-06-01,Veolia Environnement SA,Enviri Corporation,Clean Earth,Déchets dangereux ; 2 989 M USD soit 2 542 M EUR ; montant net 2 778 M EUR dettes IFRS 16 et coûts d'acquisition inclus ; 82 sites dont 19 autorisés EPA,États-Unis,100,2542,EUR,enterprise_value,completed,01_Financial/veolia-amendement-deu-2025-s1-2026.pdf,46,https://www.veolia.com/sites/g/files/dvc4206/files/document/2026/07/Veolia_Finance_amendement_DEU_2025.pdf,regulated_filing,2026-09-22,dataroom-bearer,
D3,,2026-06-30,,Veolia Environnement SA,Participations du Groupe en France,"Cessions de participations ; produit de cession au 30 juin 2026, frais inclus",France,,14,EUR,other,completed,01_Financial/veolia-amendement-deu-2025-s1-2026.pdf,27,https://www.veolia.com/sites/g/files/dvc4206/files/document/2026/07/Veolia_Finance_amendement_DEU_2025.pdf,regulated_filing,2026-09-22,dataroom-bearer,
D4,,2026-03-31,Veolia Environnement SA,,Enviropacific Services,"Réhabilitation des sols et traitement des eaux contaminées, PFAS ; 228 M AUD soit 137 M EUR (montant net)",Australie,,137,EUR,enterprise_value,completed,01_Financial/veolia-amendement-deu-2025-s1-2026.pdf,46,https://www.veolia.com/sites/g/files/dvc4206/files/document/2026/07/Veolia_Finance_amendement_DEU_2025.pdf,regulated_filing,2026-09-22,dataroom-bearer,
D5,,2026-06-30,,Veolia Environnement SA,Participations du Groupe au Belux,"Cessions de participations ; produit de cession au 30 juin 2026, frais inclus",Belgique et Luxembourg,,41,EUR,other,completed,01_Financial/veolia-amendement-deu-2025-s1-2026.pdf,27,https://www.veolia.com/sites/g/files/dvc4206/files/document/2026/07/Veolia_Finance_amendement_DEU_2025.pdf,regulated_filing,2026-09-22,dataroom-bearer,
D6,,2023-01-10,Veolia Environnement SA,,Reciclados La Red et Banales III,"Valorisation et recyclage des plastiques (Madrid, Séville) ; montant total des deux filiales",Espagne,,54,EUR,other,completed,01_Financial/finance_consolidated_financial_statements_2023.pdf,16,https://www.veolia.com/sites/g/files/dvc4206/files/document/2024/02/Finance_Consolidated_financial_statements_2023.pdf,annual_report,2026-09-23,dataroom-bearer,
D7,,2023-10-16,,Veolia Environnement SA,"Concessions d'eau italiennes (Latium, Sicile)",Concessions d'eau des régions Latium et Sicile,Italie,,74,EUR,other,completed,01_Financial/finance_consolidated_financial_statements_2023.pdf,16,https://www.veolia.com/sites/g/files/dvc4206/files/document/2024/02/Finance_Consolidated_financial_statements_2023.pdf,annual_report,2026-09-23,dataroom-bearer,
D8,2024-02-16,2024-02-29,NGE,Veolia Environnement SA,SADE,"Construction et réparation de réseaux d'eau ; CA 2023 1,1 Md€, ~6 900 salariés ; dont paiement différé 20 M€",France,100,198,EUR,other,completed,01_Financial/finance_consolidated_financial_statement_2024.pdf,16,https://www.veolia.com/sites/g/files/dvc4206/files/document/2025/02/Finance_consolidated_financial_statement_2024.pdf,annual_report,2026-09-23,dataroom-bearer,
D9,2023-12-25,2024-06-26,Ville de Haikou,Veolia Environnement SA,Concession d'eau de Haikou,Participation de 49 % ; 620 M CNY,Chine,49,79,EUR,equity_value,completed,01_Financial/finance_consolidated_financial_statement_2024.pdf,16,https://www.veolia.com/sites/g/files/dvc4206/files/document/2025/02/Finance_consolidated_financial_statement_2024.pdf,annual_report,2026-09-23,dataroom-bearer,
D10,2023-01-27,,Suez,Veolia Environnement SA,Dernières activités déchets dangereux cédées à Suez (SARPI),Achève les cessions exigées par les engagements de concurrence Veolia-Suez devant la Commission,France,,49,EUR,other,completed,01_Financial/finance_consolidated_financial_statements_2023.pdf,16,https://www.veolia.com/sites/g/files/dvc4206/files/document/2024/02/Finance_Consolidated_financial_statements_2023.pdf,annual_report,2026-09-23,dataroom-bearer,
D11,2024-02-14,2025-01-06,Veolia Hungary,Uniper,Danubius,Flexibilité électrique (centrale de Gönyü) ; investissement financier net 271 M€,Hongrie,,366,EUR,equity_value,completed,01_Financial/finance_veolia_consolidated_financial_statements_31-12-25.pdf,17,https://www.veolia.com/sites/g/files/dvc4206/files/document/2026/02/Finance_Veolia_Consolidated_financial_statements_31-12-25.pdf,annual_report,2026-09-23,dataroom-bearer,
D12,,2024-03-01,Veolia Environnement SA,Friedrich Hofmann GmbH,Activités recyclage et déchets de Friedrich Hofmann GmbH,"Collecte, tri, valorisation, recyclage et négoce de matières premières secondaires, région de Nuremberg",Allemagne,,315,EUR,other,completed,01_Financial/finance_consolidated_financial_statement_2024.pdf,16,https://www.veolia.com/sites/g/files/dvc4206/files/document/2025/02/Finance_consolidated_financial_statement_2024.pdf,annual_report,2026-09-23,dataroom-bearer,
D13,,2023-10-31,Veolia Environnement SA,,U.S. Industrial Technologies,Traitement de déchets dangereux ; via VES Technical Solutions LLC,États-Unis,,58,EUR,other,completed,01_Financial/finance_consolidated_financial_statements_2023.pdf,16,https://www.veolia.com/sites/g/files/dvc4206/files/document/2024/02/Finance_Consolidated_financial_statements_2023.pdf,annual_report,2026-09-23,dataroom-bearer,
D14,2025-05-07,,Veolia Environnement SA,Caisse de Dépôt et Placement du Québec (CDPQ),30 % de Water Technologies and Solutions (WTS),"Rachat des minoritaires, Veolia porte sa détention à 100 % ; ~1,5 Md€ ; impact capitaux propres -1 380 M€",Monde,30,1750,USD,equity_value,completed,01_Financial/finance_veolia_consolidated_financial_statements_31-12-25.pdf,17,https://www.veolia.com/sites/g/files/dvc4206/files/document/2026/02/Finance_Veolia_Consolidated_financial_statements_31-12-25.pdf,annual_report,2026-09-23,dataroom-bearer,
D15,,2023-02-15,SAUR,Veolia Environnement SA,Activités O&M eau industrielle de WTS,"Exploitation et maintenance eau industrielle, ex-Suez",Royaume-Uni,,15,EUR,other,completed,01_Financial/finance_consolidated_financial_statements_2023.pdf,16,https://www.veolia.com/sites/g/files/dvc4206/files/document/2024/02/Finance_Consolidated_financial_statements_2023.pdf,annual_report,2026-09-23,dataroom-bearer,
D16,2024-07-05,2024-09-04,Société Régionale Multiservices Casablanca-Settat,Veolia Environnement SA,Lydec,"Totalité de la participation, issue de la prise de contrôle de Suez ; dividendes perçus inclus ; amende de 9 M€ confirmée",Maroc,100,149,EUR,other,completed,01_Financial/finance_consolidated_financial_statement_2024.pdf,16,https://www.veolia.com/sites/g/files/dvc4206/files/document/2025/02/Finance_consolidated_financial_statement_2024.pdf,annual_report,2026-09-23,dataroom-bearer,
D17,,2024-08-01,,Veolia Environnement SA,Veolia North America Regeneration Services,Régénération d'acide sulfurique et fluorhydrique pour raffineries ; 628 M USD ; CA 2023 ~350 M USD ; désignée RGS dans les publications,États-Unis,100,580,EUR,other,completed,01_Financial/finance_consolidated_financial_statement_2024.pdf,16,https://www.veolia.com/sites/g/files/dvc4206/files/document/2025/02/Finance_consolidated_financial_statement_2024.pdf,annual_report,2026-09-23,dataroom-bearer,
D18,,2023-02-23,,Veolia Environnement SA,Advanced Solutions (filiales opérationnelles),"Services d'infrastructures et de gestion d'actifs eau, clients municipaux et commerciaux",États-Unis,,84,EUR,other,completed,01_Financial/finance_consolidated_financial_statements_2023.pdf,16,https://www.veolia.com/sites/g/files/dvc4206/files/document/2024/02/Finance_Consolidated_financial_statements_2023.pdf,annual_report,2026-09-23,dataroom-bearer,
D19,2025-05-16,2025-05-30,Veolia Environnement SA,,Zeeklite Co. LTD,"Stockage et traitement de déchets dangereux, Yonezawa",Japon,,85,EUR,other,completed,01_Financial/finance_veolia_consolidated_financial_statements_31-12-25.pdf,17,https://www.veolia.com/sites/g/files/dvc4206/files/document/2026/02/Finance_Veolia_Consolidated_financial_statements_31-12-25.pdf,annual_report,2026-09-23,dataroom-bearer,
D20,,,Veolia Environnement SA,,"New England Disposal Technologies, Bio-Med Innovations, Ingenium, Chameleon Industries Group","Quatre acquisitions tuck-in déchets dangereux (Massachusetts, Californie, Texas) ; montant agrégé, non ventilé par la source",États-Unis,,247,EUR,other,completed,01_Financial/finance_veolia_consolidated_financial_statements_31-12-25.pdf,17,https://www.veolia.com/sites/g/files/dvc4206/files/document/2026/02/Finance_Veolia_Consolidated_financial_statements_31-12-25.pdf,annual_report,2026-09-23,dataroom-bearer,
D21,,,,Veolia Environnement SA,Actifs matures de déchets solides au Mexique,"Programme de cessions de plus de 2 Md€ d'ici mi-2028 ; clôturée au T1 2026, date exacte non publiée ; 0,1 Md€ cumulé avec le nettoyage industriel en Belgique (présentation S1 2026, p. 14)",Mexique,,non communiqué,,undisclosed,completed,01_Financial/finance_veolia_q1_2026_results_presentation.pdf,11,https://www.veolia.com/sites/g/files/dvc4206/files/document/2026/05/Finance_Veolia_Q1_2026_results_presentation.pdf,issuer_release,2026-09-23,dataroom-bearer,
D22,,,,Veolia Environnement SA,Activités de recyclage de plastiques en Corée,"Programme de cessions de plus de 2 Md€ d'ici mi-2028 ; clôture attendue au T3 2026, non confirmée au 30 juin 2026",Corée du Sud,,non communiqué,,undisclosed,announced,01_Financial/finance_veolia_q1_2026_results_presentation.pdf,11,https://www.veolia.com/sites/g/files/dvc4206/files/document/2026/05/Finance_Veolia_Q1_2026_results_presentation.pdf,issuer_release,2026-09-23,dataroom-bearer,
D23,,2022-01-17,,Veolia Environnement SA,Actifs d'Integrated Waste Services (IWS),Traitement de déchets ; 155 M AUD,Australie,,102,EUR,other,completed,01_Financial/ve_urd_2022_en.pdf,330,https://www.veolia.com/sites/g/files/dvc4206/files/document/2023/04/VE_URD_2022_EN.pdf,annual_report,2026-09-23,dataroom-bearer,
D24,,,Séché Environnement,Veolia Environnement SA,"Actifs Osis Grand Paris (SARP), 8 sites","Remède de concurrence Veolia-Suez ; signée fin juillet 2021, clôturée début janvier 2022 (dates exactes non publiées) ; complément de prix de 4,7 M€ reçu de Séché le 12/10/2022",France,,32,EUR,other,completed,01_Financial/ve_urd_2022_en.pdf,330,https://www.veolia.com/sites/g/files/dvc4206/files/document/2023/04/VE_URD_2022_EN.pdf,annual_report,2026-09-23,dataroom-bearer,
D25,,2022-08-10,Ville de Lanzhou,Veolia Environnement SA,Lanzhou Water,"Participation de 36 %, mise en équivalence",Chine,36,141,EUR,equity_value,completed,01_Financial/ve_urd_2022_en.pdf,373,https://www.veolia.com/sites/g/files/dvc4206/files/document/2023/04/VE_URD_2022_EN.pdf,annual_report,2026-09-23,dataroom-bearer,
D26,,2022-06-24,,Veolia Environnement SA,Huancheng Puxi,Filiale de valorisation énergétique des déchets ; accord de transfert signé en décembre 2021,Chine,,27,EUR,other,completed,01_Financial/ve_urd_2022_en.pdf,373,https://www.veolia.com/sites/g/files/dvc4206/files/document/2023/04/VE_URD_2022_EN.pdf,annual_report,2026-09-23,dataroom-bearer,
D27,2024-06-03,2024-11-04,WM (Waste Management),,"Stericycle (déchets médicaux, États-Unis)","100 % des actions ; VE ≈ 7,2 Md$ dont ≈ 1,4 Md$ de dette nette ; synergies > 125 M$/an",États-Unis,,7.2 billion,USD,enterprise_value,completed,05_Commercial_Strategy/wm-stericycle-2024-06-03.html,1,"https://mediaroom.wm.com/2024-06-03-WM-to-Acquire-Stericycle,-a-Leader-in-Medical-Waste-Services,-for-7-2-Billion",issuer_release,2026-10-06,dataroom-bearer,
D28,2024-02-06,2024-03-25,Clean Harbors,Gryphon Investors,"HEPACO (services environnementaux et intervention d'urgence, États-Unis)","100 % ; 400 M$ en numéraire ; EBITDA ajusté 2023 ≈ 36 M$ ; multiple après synergies 7,1x",États-Unis,,400 million,USD,enterprise_value,completed,05_Commercial_Strategy/clean-harbors-hepaco-2024-03-25.html,1,https://www.cleanharbors.com/2024/clean-harbors-completes-acquisition-of-hepaco,issuer_release,2026-10-06,dataroom-bearer,
D29,2021-07-14,2021-11-30,EQT Infrastructure,actionnaires de Covanta (société cotée),"Covanta (valorisation énergétique des déchets, États-Unis)","100 % ; 5,3 Md$ dette comprise ; EBITDA ajusté 2021 attendu 460-480 M$","États-Unis, Canada, Europe",,5.3 billion,USD,enterprise_value,completed,05_Commercial_Strategy/eqt-covanta-2021-07-14.html,1,https://www.prnewswire.com/news-releases/eqt-infrastructure-to-acquire-covanta-holding-corporation-a-global-leader-in-waste-to-energy-solutions-for-usd-5-3-billion-301333761.html,issuer_release,2026-10-06,dataroom-bearer,
D30,2022-02-09,2022-05-02,Republic Services,actionnaires d'US Ecology (société cotée),"US Ecology (déchets dangereux, États-Unis)","100 % ; 48 $ par action ; 2,2 Md$ dette nette comprise ; EBITDA ajusté 12 mois ≈ 156 M$",États-Unis,,2.2 billion,USD,enterprise_value,completed,05_Commercial_Strategy/bic-us-ecology-republic-2022.html,1,https://www.bicmagazine.com/industry/investment-banking/us-ecology-joins-republic-services/,press,2026-10-06,dataroom-bearer,
D31,2026-08-12,2026-10-05,Clean Harbors,One Rock Capital Partners,"EnviroServe (services environnementaux, transport et traitement de déchets dangereux, États-Unis)","100 % ; 470 M$ en numéraire ; EBITDA ajusté annuel ≈ 27 M$ ; synergies ≈ 25 M$, ≈ 9x après synergies ; clôture le 5 octobre 2026 avec ES&H (communiqué de clôture versé)",États-Unis,,470 million,USD,enterprise_value,completed,05_Commercial_Strategy/clean-harbors-enviroserve-2026-08-12.html,1,https://www.stocktitan.net/news/CLH/clean-harbors-to-acquire-enviro-serve-for-470-oh17y1jlmzc0.html,issuer_release,2026-10-06,dataroom-bearer,
D32,2026-07-29,2026-10-05,Clean Harbors,,"ES&H (intervention d'urgence et services environnementaux, golfe du Mexique)","305 M$ en numéraire ; EBITDA non publié séparément ; clôture le 5 octobre 2026 avec EnviroServe (8,9x après synergies pour les deux)",États-Unis,,305 million,USD,enterprise_value,completed,05_Commercial_Strategy/clean-harbors-q2-2026-2026-07-29.html,1,https://www.stocktitan.net/news/CLH/clean-harbors-announces-second-quarter-2026-financial-i7hymqt5jls0.html,issuer_release,2026-10-06,dataroom-bearer,
D33,2023-07-19,2023-10-17,J.F. Lehman & Company,actionnaires de Heritage-Crystal Clean (société cotée),"Heritage-Crystal Clean (huiles usagées, déchets dangereux et non dangereux, États-Unis)","100 % ; 45,50 $ par action en numéraire ; valorisation ≈ 1,2 Md$ (base non précisée) ; annonce le 19 juillet 2023 (communiqué versé)",États-Unis,,1.2 billion,USD,other,completed,05_Commercial_Strategy/crystal-clean-jfl-2023-10-17.html,1,https://www.crystal-clean.com/j-f-lehman-company-completes-acquisition-of-heritage-crystal-clean-inc/,issuer_release,2026-10-06,dataroom-bearer,
D34,,,EQT Infrastructure,,"Arcwood Environmental (ex-Heritage Environmental Services : déchets dangereux, incinération, États-Unis)",acquisition en janvier 2024 selon la société (jour non publié) ; prix non publié,États-Unis,,,,,completed,05_Commercial_Strategy/arcwood-rebrand-2025-03-18.html,1,https://www.arcwoodenviro.com/news/heritage-environmental-services-rebrands-to-arcwood-environmental/,issuer_release,2026-10-06,dataroom-bearer,
D35,2024-07-18,2024-11-29,NG Group (Summa Equity),Fortum,"Fortum Recycling and Waste, réuni à NG Group (déchets municipaux et industriels, traitement des déchets dangereux, pays nordiques)","pôle recyclage et déchets de Fortum, ~900 salariés ; ≈ 800 M€ dette et trésorerie exclues ; plus-value ≈ 180 M€","Finlande, Suède, Danemark, Norvège",,800 million,EUR,enterprise_value,completed,05_Commercial_Strategy/fortum-summa-2024-11-29.html,1,"https://news.cision.com/fortum/r/fortum-completes-the-divestment-of-its-recycling-and-waste-business,c4073614",issuer_release,2026-10-06,dataroom-bearer,
D36,2025-02-04,,Berkshire Partners,,"Triumvirate Environmental (déchets dangereux et réglementés, États-Unis)","investissement aux côtés du fondateur ; société valorisée ≈ 1,8 Md$ ; part et autres termes non publiés",États-Unis,,1.8 billion,USD,other,announced,05_Commercial_Strategy/triumvirate-berkshire-2025-02-04.html,1,https://ca.finance.yahoo.com/news/triumvirate-environmental-valued-1-8-132050079.html,press,2026-10-06,dataroom-bearer,
D37,2025-01-07,2025-03-03,Apollo et BC Partners,GFL Environmental,"GFL Environmental Services (services environnementaux cédés par GFL, Canada et États-Unis)","VE 8,0 Md CAD ; GFL garde 44 % (≈ 1,7 Md CAD) et encaisse ≈ 6,2 Md CAD","Canada, États-Unis",56,8 billion,CAD,enterprise_value,completed,05_Commercial_Strategy/gfl-es-canadian-lawyer-2025.html,1,https://www.canadianlawyermag.com/cl-plus/deals/2390,press,2026-10-06,dataroom-bearer,
D38,2025-09-30,,Seaside Equity Partners,,"Enviracore Services (plateforme de services environnementaux : intervention d'urgence, nettoyage industriel, eaux usées, États-Unis)","plateforme créée par le fonds (investissement 2024, Fund II, selon son portefeuille) ; premières sociétés Boomer Environmental et Environmental Cleanup (Oklahoma, Arkansas) ; montants non publiés",États-Unis,,,,,completed,05_Commercial_Strategy/enviracore-lancement-2025-09-30.html,1,https://finance.yahoo.com/news/seaside-equity-partners-launches-environmental-130000732.html,issuer_release,2026-10-07,dataroom-bearer,
D39,2026-05-08,,Enviracore Services (Seaside Equity Partners),fondateur d'EMI,"Environmental Management, LLC (EMI : déchets dangereux, transport et élimination de déchets réglementés, intervention d'urgence, Oklahoma)","EMI, fondée en 1983 à Guthrie (Oklahoma), garde sa marque ; montant non publié",États-Unis,,,,,completed,05_Commercial_Strategy/enviracore-emi-2026-05-08.html,1,https://finance.yahoo.com/sectors/healthcare/articles/enviracore-services-acquires-environmental-management-130000443.html,issuer_release,2026-10-07,dataroom-bearer,
D40,2025-10-01,,Enviracore Services (Seaside Equity Partners),,"Boomer Environmental (intervention d'urgence, nettoyage industriel, transport et traitement d'eaux usées, Oklahoma et Arkansas)",première société de la plateforme ; fondée en 2002 ; montant non publié,États-Unis,,,,,completed,05_Commercial_Strategy/enviracore-boomer-2025-10-01.html,1,https://finance.yahoo.com/news/enviracore-services-acquires-oklahoma-city-150000231.html,issuer_release,2026-10-07,dataroom-bearer,
D41,2026-05-14,2026-05-14,"Clean Harbors, Inc.",Crescentia Capital (Calvert Street Investment Partners),Terra Nova Solutions,"Regional hazardous and non-hazardous waste provider, five sites (wastewater treatment, solidification, waste processing); expected revenue $45-50 million, adjusted EBITDA ~$15 million; post-synergy multiple 11.8x as stated by Clean Harbors (seller identified by Waste Dive)",United States (Carolinas),100,"$225 million, all cash",USD,other,completed,,,https://pulse2.com/clean-harbors-225-million-acquisition-of-terra-nova-solutions-expands-waste-services-footprint/amp/,press,2026-10-10,dataroom-bearer,
D42,2024-06-17,2024-07-18,Séché Environnement (Singapore subsidiary),,ECO Industrial Environmental Engineering Pte Ltd,"Industrial hazardous waste platform, one integrated site of ~440 kt annual capacity plus two JVs; 2023 revenue ~SGD 96 million, adjusted EBITDA ~SGD 41 million (incl. SGD 3.9 million from JVs)",Singapore,100,"around SGD 605 million for 100% of the shares, subject to adjustments at closing",SGD,equity_value,completed,,,https://echanges.dila.gouv.fr/OPENDATA/AMF/BWR/2024/06/FCBWR157582_20240617.pdf,issuer_release,2026-10-10,dataroom-bearer,
D43,2026-08-13,,EQT Infrastructure,,Cleanaway Waste Management Limited (100%),"Whole of Cleanaway via scheme of arrangement; non-binding indicative proposal, implied EV / FY26 EBIT of approximately 20x, 32.1% premium; includes Oils & Technical Services and Health (liquid/hazardous waste) segment",Australia,100,approximately $9.4 billion (implied enterprise valuation at $3.13 cash per share),AUD,enterprise_value,announced,,,https://announcements.asx.com.au/asxpdf/20260813/pdf/072pv5zdfnn9vx.pdf,issuer_release,2026-10-10,dataroom-bearer,
D44,2019-05-09,2019-06-28,Harsco Corporation,Compass Diversified Holdings,"Clean Earth, Inc.","Clean Earth, specialty waste processing; expected 2019 revenue ~$300 million and adjusted EBITDA ~$65 million per the release (captured as 05_Commercial_Strategy/harsco-clean-earth-acquisition-2019.html, pending indexation)",United States,100,"$625 million in cash, subject to post-closing adjustments",USD,other,completed,,,https://www.enviri.com/harsco-enters-definitive-agreement-acquire-clean-earth-accelerating-its/,issuer_release,2026-10-10,dataroom-bearer,
D45,2020-02-07,2020-04-06,Harsco Corporation (combined with Clean Earth),"Stericycle, Inc.",Stericycle Environmental Solutions business (ESOL),"ESOL: 61 facilities incl. 13 TSDFs and 48 ten-day facilities; revenue of more than $550 million full-year; 2020 adjusted EBITDA expected ~$35 million; ~$15 million run-rate cost synergies in year three (captured as 05_Commercial_Strategy/harsco-stericycle-esol-acquisition-2020.html, pending indexation)",United States,100,"$462.5 million, subject to customary purchase price adjustments",USD,other,completed,,,https://www.enviri.com/harsco-advances-transformation-with-agreement-to-acquire-stericycles-environmental-solutions-business/,issuer_release,2026-10-10,dataroom-bearer,
D46,2025-11-21,2026-06-01,Veolia Environnement SA,Enviri Corporation,Clean Earth (100%),Seller-side view (Enviri release): 100% of Clean Earth; Enviri to repay ~ $1.35 billion of debt; no EBITDA or multiple in the release (Enviri CEO quoted by ENR at roughly 18x trailing EBITDA). Captured as 05_Commercial_Strategy/enviri-sale-clean-earth-veolia-2025-11-21.html,United States,100,aggregate cash consideration of $3.04 billion,USD,other,completed,,,https://www.stocktitan.net/news/NVRI/enviri-corporation-announces-sale-of-clean-earth-to-veolia-for-3-04-8o9fmtps8mjt.html,issuer_release,2026-10-10,dataroom-bearer,
D47,2026-04-13,2026-09-01,GFL Environmental Inc.,,SECURE Waste Infrastructure Corp. (100%),"Industrial waste infrastructure: processing of hazardous and non-hazardous liquids and solids, 12 landfills, 55 waste treatment facilities, 98 injection wells, plus energy infrastructure; consideration 80% GFL shares / 20% cash; no EBITDA multiple disclosed. Closing date per Waste360 (GFL announcement 1 Sept 2026)","Canada (Western), United States (North Dakota)",100,approximately $6.4 billion (C$24.75 per share; ~ $5.5 billion equity value),CAD,enterprise_value,completed,,,https://s24.q4cdn.com/409248530/files/doc_news/GFL-Environmental-and-SECURE-Waste-Infrastructure-announce-acquisition-by-GFL-further-expanding-and-densifying-GFLs-Western-Canadian--BXDJX.pdf,issuer_release,2026-10-10,dataroom-bearer,
D48,2026-01-15,,Gaw Capital Partners,E&F Private Equity and IS Dongseo,"Koentec (Korea Environmental Technology Co. Ltd.), 100%","Integrated waste management: waste incineration, steam production and landfill on a single site in the Ulsan Industrial Complex; no EBITDA or multiple disclosed; hazardous share not stated",South Korea (Ulsan),100,approximately US$500 million,USD,other,completed,,,https://www.gawcapital.com/?p=30396,press,2026-10-10,dataroom-bearer,
D49,2025-03-20,,Cleanaway Waste Management Limited,Shareholders incl. funds managed by SCF Partners and Viburnum Funds,Contract Resources Group Pty Limited (100%),"Specialist industrial services (catalyst handling, decontamination, chemical cleaning); FY25F EBITDA ~$52 million; ~7.3x EV/FY25F EBITDA, 5.9x including ~ $12 million net cost synergies",Australia,100,enterprise value of $377 million,AUD,enterprise_value,announced,,,https://announcements.asx.com.au/asxpdf/20250320/pdf/06gt6wm68lgf1r.pdf,issuer_release,2026-10-10,dataroom-bearer,
D50,2025-06-06,,Séché Environnement,Actionnaires du Groupe Flamme (opérateur familial),"Groupe Flamme (A.R.F. et filiales, Flamme Environnement et filiales, Flamme Assainissement et filiale)","Collecte et incinération de déchets dangereux (A.R.F., ~49 % du CA 2024), services à l'environnement et assainissement ; CA ~100 M€ et EBE ~20 M€ (exercice clos au 30/09/2024). Prix « pour 100 % des titres ». Notifié à l'Autorité de la concurrence fin S1 2026 (communiqué S1 2026).","France (Hauts-de-France), Belgique",100,de l'ordre de 300 M€,EUR,equity_value,announced,05_Commercial_Strategy/25-06-cp-flamme.pdf,3,https://www.groupe-seche.com/uploads/2025/06/25-06-cp-flamme.pdf,issuer_release,2026-10-10,dataroom-bearer,
D51,2026-01-05,2026-02-27,Séché Environnement (via Séché Chile et Séché Italia),,"Hidronor (Chili, avec sa filiale Greendot) et La Filippa (Italie, Ligurie) — 100 % chacune","Hidronor (finalisée le 27/01/2026) : n°1 des déchets dangereux au Chili, CA ~42 M€ et EBE ~14 M€ en 2024 ; La Filippa (finalisée le 27/02/2026) : stockage de déchets non dangereux, CA ~13 M€ et EBE ~8 M€ en 2024 (communiqué du 05/01/2026). Prix global non ventilé ; investissement net décaissé 190,9 M€ ; goodwill provisoire 96,2 M€ et 38,6 M€.","Chili, Italie",100,"214,6 millions d'euros (prix, compléments de prix compris, des deux acquisitions)",EUR,equity_value,completed,01_Financial/seche_environnement_rfs_2026_fr_amf.pdf,38,https://www.groupe-seche.com/uploads/2026/10/seche_environnement_rfs_2026_fr_amf.pdf,regulated_filing,2026-10-10,dataroom-bearer,
D52,2025-02-13,2025-06-06,Earth Bidco B.V. (Macquarie European Infrastructure Fund 7 et BCI),Actionnaires de Renewi (cotée Londres / Euronext Amsterdam),Renewi plc (100 % du capital émis et à émettre),"Recycleur « pure-play » (Benelux), incluant la division Mineralz & Water ; prime de 57 % sur le cours du 27/11/2024. Scheme effectif le 6 juin 2025 (05_Commercial_Strategy/scheme-effective.pdf).","Pays-Bas, Belgique, Royaume-Uni",100,approximately £707 million (870 pence per share),GBP,equity_value,completed,05_Commercial_Strategy/rule-2-7-announcement-regarding-the-recommended-final-cash-acquisition-of-renewi-by-macquarie.pdf,1,https://macquarie.com/assets/macq/about/company/macquarie-asset-management/project-earth/rule-2-7-announcement-regarding-the-recommended-final-cash-acquisition-of-renewi-by-macquarie.pdf,issuer_release,2026-10-10,dataroom-bearer,
D53,2021-09-22,,Eleia Limited (fonds Ancala Partners et Fiera Infrastructure),Actionnaires d'Augean (société cotée),"Augean plc (déchets dangereux, Royaume-Uni)",Spécialiste britannique des déchets dangereux ; enchère du Takeover Panel : Eleia 372p contre 361p pour Morgan Stanley Infrastructure. Valeur de ~390 M£ lue dans la presse (05_Commercial_Strategy/winning-bid-made-in-battle-...html) ; pas de valeur d'entreprise publiée ; date de clôture non vérifiée.,Royaume-Uni,100,372 pence par action ; capital émis et à émettre valorisé à environ £390 millions,GBP,equity_value,completed,05_Commercial_Strategy/panel-statement-2021-19.pdf,1,https://www.thetakeoverpanel.org.uk/wp-content/uploads/2021/09/Panel-Statement-2021-19.pdf,regulated_filing,2026-10-10,dataroom-bearer,
D54,2026-02-12,,Blackstone et EQT,Platinum Equity,Urbaser (hors activités en Argentine),"Plateforme mondiale déchets municipaux et industriels (segments Urban Services, Municipal Waste Treatment, Industrial Waste Treatment ; plus de 150 usines de traitement) ; « transaction valued at » sans précision VE/fonds propres ; Platinum conserve l'Argentine (~80 M€ d'EBITDA 2025). Platinum avait acquis Urbaser en octobre 2021 pour une VE d'environ 3,5 Md€. Clôture annoncée par la presse (Pulse 2.0, 23/09/2026), non vérifiée auprès de l'émetteur.","Espagne, international",,approximately $6.6 billion (€5.6 billion),USD,other,announced,05_Commercial_Strategy/platinum-equity-to-sell-global-environmental-services-business-urbaser-to-blackstone-and-e.html,1,https://www.platinumequity.com/news/platinum-equity-to-sell-global-environmental-services-business-urbaser-to-blackstone-and-eqt-for-6-6-billion/,issuer_release,2026-10-10,dataroom-bearer,
D55,2023-04-21,,I Squared Capital (ISQ Global Infrastructure Fund III),Exponent,"Enva (déchets dangereux et spéciaux, Royaume-Uni et Irlande)","34 sites, plus de 1 600 salariés, CA FY22 de 294 M£ ; prix non publié ; clôture attendue au T2 2023 (non vérifiée).","Royaume-Uni, Irlande",,,,,announced,05_Commercial_Strategy/enva-announces-agreement-to-be-acquired-by-i-squared-capital-from-exponent-enva-announces.html,1,https://enva.com/news-insights/enva-announces-agreement-to-be-acquired-by-i-squared-capital-from-exponent,issuer_release,2026-10-10,dataroom-bearer,
D56,2025-01-24,,SUEZ,,Gruppo Ecosistem (participation majoritaire),"Traitement de déchets dangereux et non dangereux (Ecosistem Srl, Econet Srl), plus de 400 salariés ; pourcentage et prix non publiés, fondateurs restant au capital. Acquisition présentée comme réalisée dans les résultats annuels 2025 de SUEZ (01_Financial/fceco081543_20260409.pdf, p. 2).","Italie (Calabre, Basilicate, Sicile)",,,,,announced,05_Commercial_Strategy/suez-strengthening-industrial-waste-recovery-business-acquisition-gruppo-ecosistem-major-p.html,1,https://www.suez.com/en/news/press-releases/suez-strengthening-industrial-waste-recovery-business-acquisition-gruppo-ecosistem-major-player-italy-waste-sector,issuer_release,2026-10-10,dataroom-bearer,
D57,,2024-10-22,Patrizia,,Greenthesis (40 %),"Gestion et valorisation de déchets, valorisation énergétique, dépollution, décharges (~20 sites, Italie du Nord et du Centre) ; après retrait de la cote : famille Grossi 60 %, Patrizia 40 % ; CA 173 M€ et EBITDA 42 M€ « l'an dernier » ; prix de la participation et vendeur non publiés ; date = date de l'article (finalisation).",Italie,40,circa 340 milioni di euro (valeur attribuée à la société),EUR,other,completed,05_Commercial_Strategy/alla-tedesca-patrizia-il-40-di-greenthesis-2643263-alla-tedesca-patrizia-il-40-di-greenth.html,1,https://www.milanofinanza.it/news/alla-tedesca-patrizia-il-40-di-greenthesis-2643263,press,2026-10-10,dataroom-bearer,
D58,2026-05-27,,Tradebe,Famille Corcoran (fondateurs),Soltec (Ireland) Ltd (participation majoritaire),"Stations de transit et recyclage de solvants (Mullingar), 25 salariés, CA ~6 M€ ; pourcentage et prix non publiés ; entrée de Tradebe en Irlande.",Irlande,,,,,completed,05_Commercial_Strategy/tradebe-refuerza-su-presencia-en-reino-unido-yentra-en-el-mercado-irlandes-mediante-la-adq.html,1,https://www.tradebe.com/environmental-services/es/noticias/tradebe-refuerza-su-presencia-en-reino-unido-yentra-en-el-mercado-irlandes-mediante-la-adquisicionde-una-participacion-mayoritaria-en-soltec/,issuer_release,2026-10-10,dataroom-bearer,
