id,label,value,unit,period,file,page,source_url,date_consulted,added_by,checked_by,workstream
F1,EBITDA (groupe),3 552,M EUR,S1 2026,01_Financial/veolia-amendement-deu-2025-s1-2026.pdf,47,https://www.veolia.com/sites/g/files/dvc4206/files/document/2026/07/Veolia_Finance_amendement_DEU_2025.pdf,2026-09-22,dataroom-bearer,,2
F2,GreenUp : rotation NETTE d'actifs,0.5,Md EUR / an,2024-2027,01_Financial/en_master_greenup_strategy-day_v270324.pdf,63,https://www.veolia.com/sites/g/files/dvc4206/files/document/2024/03/EN_Master_GreenUp_Strategy%20day_V270324.pdf,2026-09-22,dataroom-bearer,,1
F3,EBITDA (groupe),"7,050",M EUR,FY2025,05_Commercial_Strategy/annual-resultats-2025.pdf,1,https://www.veolia.com/sites/g/files/dvc4206/files/document/2026/02/annual-resultats-2025.pdf,2026-09-22,dataroom-bearer,,2
F4,Investissements nets (net capex),"3,855",M EUR,FY2025,05_Commercial_Strategy/annual-resultats-2025.pdf,1,https://www.veolia.com/sites/g/files/dvc4206/files/document/2026/02/annual-resultats-2025.pdf,2026-09-22,dataroom-bearer,,3
F5,"GreenUp : tuck-ins, bas de fourchette",0.5,Md EUR,2024-2027,01_Financial/en_master_greenup_strategy-day_v270324.pdf,63,https://www.veolia.com/sites/g/files/dvc4206/files/document/2024/03/EN_Master_GreenUp_Strategy%20day_V270324.pdf,2026-09-22,dataroom-bearer,,3
F6,Plafond GreenUp : dette financière nette / EBITDA ≤,3,x,2024-2027,01_Financial/en_master_greenup_strategy-day_v270324.pdf,64,https://www.veolia.com/sites/g/files/dvc4206/files/document/2024/03/EN_Master_GreenUp_Strategy%20day_V270324.pdf,2026-09-22,dataroom-bearer,,2
F7,GreenUp : investissements nets par an,3.1,Md EUR / an,2024-2027,01_Financial/en_master_greenup_strategy-day_v270324.pdf,63,https://www.veolia.com/sites/g/files/dvc4206/files/document/2024/03/EN_Master_GreenUp_Strategy%20day_V270324.pdf,2026-09-22,dataroom-bearer,,3
F8,Endettement financier net (groupe),"19,657",M EUR,31/12/2025,05_Commercial_Strategy/annual-resultats-2025.pdf,1,https://www.veolia.com/sites/g/files/dvc4206/files/document/2026/02/annual-resultats-2025.pdf,2026-09-22,dataroom-bearer,,2
F9,"GreenUp : capex de croissance discrétionnaire, haut de fourchette",0.7,Md EUR / an,2024-2027,01_Financial/en_master_greenup_strategy-day_v270324.pdf,63,https://www.veolia.com/sites/g/files/dvc4206/files/document/2024/03/EN_Master_GreenUp_Strategy%20day_V270324.pdf,2026-09-22,dataroom-bearer,,3
F10,"Dettes hybrides (titres super-subordonnés), hors coupons",4.1,Md EUR,30/06/2026,01_Financial/veolia_finance_amendment_urd_2025.pdf,64,https://www.veolia.com/sites/g/files/dvc4206/files/document/2026/07/Veolia_Finance_Amendment_URD_2025.pdf,2026-09-22,dataroom-bearer,,2
F11,"Endettement financier net (groupe), après Clean Earth",24 548,M EUR,30/06/2026,01_Financial/veolia-amendement-deu-2025-s1-2026.pdf,14,https://www.veolia.com/sites/g/files/dvc4206/files/document/2026/07/Veolia_Finance_amendement_DEU_2025.pdf,2026-09-22,dataroom-bearer,,2
F12,Objectif GreenUp : EBITDA ≥,8,Md EUR,2027,01_Financial/en_master_greenup_strategy-day_v270324.pdf,9,https://www.veolia.com/sites/g/files/dvc4206/files/document/2024/03/EN_Master_GreenUp_Strategy%20day_V270324.pdf,2026-09-22,dataroom-bearer,,2
F13,Cash-flow libre net (net free cash flow),"1,156",M EUR,FY2024,05_Commercial_Strategy/annual-resultats-2025.pdf,1,https://www.veolia.com/sites/g/files/dvc4206/files/document/2026/02/annual-resultats-2025.pdf,2026-09-22,dataroom-bearer,,3
F14,"Ratio de levier publié, hors Clean Earth",2.92,x,31/03/2026,01_Financial/operating_and_financial_review_consolidated_financial_statements_q1_2026.pdf,5,https://www.veolia.com/sites/g/files/dvc4206/files/document/2026/05/Operating_and_financial_review_consolidated_financial_statements_Q1_2026.pdf,2026-09-22,dataroom-bearer,,2
F15,Dividende versé au titre de 2024,"1,023",M EUR,2025,01_Financial/finance_veolia_urd_2025_en.pdf,337,https://www.veolia.com/sites/g/files/dvc4206/files/document/2026/03/Finance_Veolia_URD_2025_en.pdf,2026-09-22,dataroom-bearer,,3
F16,Ratio de levier publié,2.79,x,FY2025,05_Commercial_Strategy/annual-resultats-2025.pdf,1,https://www.veolia.com/sites/g/files/dvc4206/files/document/2026/02/annual-resultats-2025.pdf,2026-09-22,dataroom-bearer,,2
F17,EBITDA (groupe),"6,788",M EUR,FY2024,05_Commercial_Strategy/annual-resultats-2025.pdf,1,https://www.veolia.com/sites/g/files/dvc4206/files/document/2026/02/annual-resultats-2025.pdf,2026-09-22,dataroom-bearer,,2
F18,GreenUp : cessions continues d'actifs non stratégiques,0.5,Md EUR,2024-2027,01_Financial/en_master_greenup_strategy-day_v270324.pdf,63,https://www.veolia.com/sites/g/files/dvc4206/files/document/2024/03/EN_Master_GreenUp_Strategy%20day_V270324.pdf,2026-09-22,dataroom-bearer,,1
F19,EBITDA (groupe),3 367,M EUR,S1 2025,01_Financial/veolia-amendement-deu-2025-s1-2026.pdf,47,https://www.veolia.com/sites/g/files/dvc4206/files/document/2026/07/Veolia_Finance_amendement_DEU_2025.pdf,2026-09-22,dataroom-bearer,,2
F20,Ratio de levier publié,2.63,x,FY2024,05_Commercial_Strategy/annual-resultats-2025.pdf,1,https://www.veolia.com/sites/g/files/dvc4206/files/document/2026/02/annual-resultats-2025.pdf,2026-09-22,dataroom-bearer,,2
F21,"GreenUp : tuck-ins, haut de fourchette",1.0,Md EUR,2024-2027,01_Financial/en_master_greenup_strategy-day_v270324.pdf,63,https://www.veolia.com/sites/g/files/dvc4206/files/document/2024/03/EN_Master_GreenUp_Strategy%20day_V270324.pdf,2026-09-22,dataroom-bearer,,3
F22,"Guidance levier 2026 : égal ou légèrement supérieur à, avec Clean Earth",3,x,2026,01_Financial/veolia-amendement-deu-2025-s1-2026.pdf,29,https://www.veolia.com/sites/g/files/dvc4206/files/document/2026/07/Veolia_Finance_amendement_DEU_2025.pdf,2026-09-22,dataroom-bearer,,2
F23,Endettement financier net (groupe),"17,819",M EUR,31/12/2024,05_Commercial_Strategy/annual-resultats-2025.pdf,1,https://www.veolia.com/sites/g/files/dvc4206/files/document/2026/02/annual-resultats-2025.pdf,2026-09-22,dataroom-bearer,,2
F24,"GreenUp : capex de croissance discrétionnaire, bas de fourchette",0.5,Md EUR / an,2024-2027,01_Financial/en_master_greenup_strategy-day_v270324.pdf,63,https://www.veolia.com/sites/g/files/dvc4206/files/document/2024/03/EN_Master_GreenUp_Strategy%20day_V270324.pdf,2026-09-22,dataroom-bearer,,3
F25,"Programme de cessions, à réaliser d'ici mi-2028 : plus de",2,Md EUR,2026-2028,01_Financial/veolia-amendement-deu-2025-s1-2026.pdf,29,https://www.veolia.com/sites/g/files/dvc4206/files/document/2026/07/Veolia_Finance_amendement_DEU_2025.pdf,2026-09-22,dataroom-bearer,,3
F26,Trésorerie (groupe),9 332,M EUR,30/06/2026,01_Financial/veolia-amendement-deu-2025-s1-2026.pdf,14,https://www.veolia.com/sites/g/files/dvc4206/files/document/2026/07/Veolia_Finance_amendement_DEU_2025.pdf,2026-09-22,dataroom-bearer,,2
F27,Dividende proposé au titre de 2025,"1,50",EUR par action,2025,01_Financial/finance_veolia_urd_2025_en.pdf,337,https://www.veolia.com/sites/g/files/dvc4206/files/document/2026/03/Finance_Veolia_URD_2025_en.pdf,2026-09-22,dataroom-bearer,,3
F28,Cash-flow libre net avant investissements financiers et dividendes,-288,M EUR,S1 2026,01_Financial/veolia_finance_amendment_urd_2025.pdf,25,https://www.veolia.com/sites/g/files/dvc4206/files/document/2026/07/Veolia_Finance_Amendment_URD_2025.pdf,2026-09-22,dataroom-bearer,,3
F29,Cash-flow libre net (net free cash flow),"1,178",M EUR,FY2025,05_Commercial_Strategy/annual-resultats-2025.pdf,1,https://www.veolia.com/sites/g/files/dvc4206/files/document/2026/02/annual-resultats-2025.pdf,2026-09-22,dataroom-bearer,,3
